ID,Name,Position,ADP,Team,,Instructions
727378,Shohei Ohtani,OF,1.1525583,LAD,,1. Rank players in column A and B in order of how you would like them to appear in your pre-draft rankings.
549847,Aaron Judge,OF,1.9289997,NYY,,2. Note: The ID in column A is what will determine the order of the pre-draft rankings. Remember to keep these next to the corresponding player. You must include an ID for each player; you cannot use just the player's name.
906282,Juan Soto,OF,3.181164,NYM,,3. Upload as a CSV file and save ranking.
877503,Ronald Acuna Jr.,OF,4.280549,ATL
1169451,Bobby Witt Jr.,IF,5.3012056,KC
709545,Kyle Schwarber,OF,6.279513,PHI
1055775,Tarik Skubal,P,7.67567,DET
874240,Kyle Tucker,OF,8.419555,LAD
1118204,Julio Rodriguez,OF,8.752805,SEA
919910,Fernando Tatis Jr.,OF,10.908679,SD
598784,Jose Ramirez,IF,11.560486,CLE
1452064,Paul Skenes,P,12.609017,PIT
1299668,Elly De La Cruz,IF,14.245924,CIN
1169588,Corbin Carroll,OF,14.336981,ARI
915772,Cal Raleigh,IF,15.561656,SEA
1519230,Nick Kurtz,IF,16.442621,ATH
1372536,Jackson Chourio,OF,17.264147,MIL
1056039,Garrett Crochet,P,17.75575,BOS
920245,Vladimir Guerrero Jr.,IF,18.81215,TOR
943524,Yordan Alvarez,OF,19.65191,HOU
1316803,James Wood,OF,21.155348,WSH
913287,Brent Rooker,OF,22.351042,ATH
1169580,Gunnar Henderson,IF,23.293966,BAL
873981,Pete Alonso,IF,24.2102,BAL
1216739,Pete Crow-Armstrong,OF,25.721914,CHC
1358467,Junior Caminero,IF,26.454678,TB
1396667,Roman Anthony,OF,26.594263,BOS
969448,Yoshinobu Yamamoto,P,26.95703,LAD
737794,Cody Bellinger,OF,29.856972,NYY
1169560,Riley Greene,OF,30.920034,DET
1452066,Wyatt Langford,OF,31.567184,TEX
526414,George Springer,OF,32.686596,TOR
657851,Byron Buxton,OF,33.44283,MIN
597026,Ketel Marte,IF,34.69191,ARI
828749,Cristopher Sanchez,P,35.83699,PHI
1316945,Jackson Merrill,OF,37.020153,SD
828312,Rafael Devers,IF,37.157185,SF
914549,Randy Arozarena,OF,37.33672,SEA
599179,Trea Turner,IF,39.26275,PHI
1118975,Jarren Duran,OF,40.91229,BOS
727362,Seiya Suzuki,OF,40.969475,CHC
657863,Matt Olson,IF,42.23978,ATL
919327,Jazz Chisholm Jr.,IF,42.952152,NYY
1159686,Hunter Brown,P,43.48328,HOU
597754,Francisco Lindor,IF,45.502968,NYM
548033,Bryce Harper,IF,46.71936,PHI
390291,Freddie Freeman,IF,47.107536,LAD
1318219,Bryan Woo,P,48.403553,SEA
858832,Taylor Ward,OF,50.34373,BAL
597889,Mookie Betts,IF,50.51174,LAD
392121,Chris Sale,P,50.6595,ATL
828873,Logan Webb,P,52.84769,SF
1115829,Kyle Stowers,OF,52.872993,MIA
917949,Bo Bichette,IF,55.11449,NYM
548190,Christian Yelich,OF,55.177605,MIL
596861,Teoscar Hernandez,OF,56.10498,LAD
548155,Manny Machado,IF,57.942635,SD
657860,Max Fried,P,58.698807,NYY
1054964,Hunter Greene,P,59.678604,CIN
1053474,Geraldo Perdomo,IF,61.16263,ARI
505033,Eugenio Suarez,IF,61.657024,CIN
737343,Freddy Peralta,P,62.306572,NYM
1396143,Zach Neto,IF,63.515106,LAA
917938,Cole Ragans,P,63.74704,KC
917318,Oneil Cruz,OF,64.94889,PIT
1054563,Logan Gilbert,P,67.16278,SEA
500736,Mike Trout,OF,67.81103,LAA
874243,Josh Naylor,IF,70.03037,SEA
1312758,Nolan McLean,P,71.12341,NYM
1216748,Tyler Soderstrom,IF,71.27976,ATH
657913,Corey Seager,IF,72.29055,TEX
827194,Ian Happ,OF,72.87533,CHC
548447,Jacob deGrom,P,72.87955,TEX
549315,Jurickson Profar,OF,73.13634,ATL
1115762,Vinnie Pasquantino,IF,75.57552,KC
597760,Brandon Nimmo,OF,75.68075,TEX
1051903,Luis Robert Jr.,OF,77.26948,NYM
829000,Dylan Cease,P,78.05494,TOR
874756,Austin Riley,IF,78.311165,ATL
917981,Jesus Luzardo,P,79.33429,PHI
1159671,Michael Busch,IF,80.89965,CHC
1054986,Jo Adell,OF,81.33913,LAA
1397634,Jakob Marsee,OF,82.10384,MIA
1056077,Spencer Strider,P,85.690704,ATL
873146,Framber Valdez,P,86.69451,DET
659419,Alex Bregman,IF,87.01046,CHC
1053080,Kyle Bradish,P,88.304115,BAL
1169578,CJ Abrams,IF,88.56667,WSH
737889,Nick Pivetta,P,88.97643,SD
1169617,Michael Harris II,OF,90.0015,ATL
1217479,Jacob Misiorowski,P,91.30997,MIL
1318485,Ben Rice,IF,91.53516,NYY
390316,Giancarlo Stanton,OF,92.99237,NYY
918812,Shea Langeliers,IF,95.849464,ATH
1519320,Trey Yesavage,P,96.341354,TOR
1316946,Daylen Lile,OF,98.01456,WSH
918870,George Kirby,P,98.81693,SEA
1118903,Lawrence Butler,OF,99.26917,ATH
1177472,Hunter Goodman,IF,99.39067,COL
1055792,Gavin Williams,P,101.37902,CLE
1118772,Brice Turang,IF,103.21956,MIL
829793,Joe Ryan,P,103.561714,MIN
1054472,Steven Kwan,OF,104.02694,CLE
1054988,Trevor Rogers,P,105.14555,BAL
500722,Zack Wheeler,P,106.66768,PHI
873683,Bryan Reynolds,OF,107.44604,PIT
455516,Sonny Gray,P,108.42984,BOS
736655,Willy Adames,IF,109.97005,SF
1316876,Jac Caglianone,OF,110.49042,KC
1054965,MacKenzie Gore,P,111.07569,TEX
876320,Jeremy Pena,IF,111.3439,HOU
1284641,Eury Perez,P,111.41408,MIA
874246,Trent Grisham,OF,111.4492,NYY
1118137,Andy Pages,OF,112.77348,LAD
1397686,Cam Schlittler,P,114.27946,NYY
455169,Nathan Eovaldi,P,114.56956,TEX
1055059,Daulton Varsho,OF,114.84925,TOR
1053355,Maikel Garcia,IF,116.886635,KC
548347,Kevin Gausman,P,119.04011,TOR
908695,Adolis Garcia,OF,121.565414,PHI
1316805,Chase Burns,P,122.45772,CIN
1452073,Jacob Wilson,IF,123.19157,ATH
823741,Yandy Diaz,IF,123.59734,TB
1452063,Dylan Crews,OF,126.77432,WSH
597835,Tyler Glasnow,P,126.818565,LAD
1170084,Kerry Carpenter,OF,127.25256,DET
1519318,Konnor Griffin,IF,128.0781,PIT
597765,Trevor Story,IF,128.60934,BOS
597786,Blake Snell,P,129.686,LAD
659551,Ranger Suarez,P,130.03935,BOS
1054992,Heliot Ramos,OF,131.20491,SF
1115993,Spencer Torkelson,IF,132.25899,DET
455591,Jose Altuve,IF,133.71301,HOU
597893,Brandon Woodruff,P,133.89922,MIL
1311161,Bubba Chandler,P,135.3353,PIT
829185,Ramon Laureano,OF,136.08302,SD
1097121,Munetaka Murakami,IF,138.10121,CWS
1316789,Colson Montgomery,IF,138.24457,CWS
874220,Michael King,P,138.4466,SD
828383,Sandy Alcantara,P,140.05667,MIA
503013,Marcell Ozuna,OF,141.21611,PIT
549085,Robbie Ray,P,141.64076,SF
873265,Will Smith,IF,145.62929,LAD
920423,Edward Cabrera,P,146.15819,CHC
917920,Mickey Moniak,OF,147.48167,COL
657487,Luis Castillo,P,148.01181,SEA
1157638,Noelvi Marte,OF,148.5204,CIN
872847,William Contreras,IF,148.67636,MIL
969423,Tatsuya Imai,P,149.56093,HOU
1159873,Ryan Pepiot,P,151.57141,TB
1176081,Alec Burleson,OF,151.65523,STL
917947,Nick Lodolo,P,151.79764,CIN
862093,Kazuma Okamoto,IF,153.16997,TOR
1175983,Tanner Bibee,P,155.7373,CLE
828672,Matt Chapman,IF,155.83382,SF
1217005,Cade Horton,P,156.45631,CHC
1054431,Nico Hoerner,IF,158.59465,CHC
1118303,Ceddanne Rafaela,OF,158.85388,BOS
1397039,Chandler Simpson,OF,161.71014,TB
1061668,Wilyer Abreu,OF,162.54167,BOS
828681,Jack Flaherty,P,163.46877,DET
1054444,Kris Bubic,P,164.20998,KC
508176,Willson Contreras,IF,164.47215,BOS
1118908,Addison Barger,IF,164.859,TOR
1169634,Brenton Doyle,OF,165.87506,COL
857550,Zac Gallen,P,166.6143,ARI
1396122,Jackson Holliday,IF,167.72488,BAL
1316748,Logan Henderson,P,168.86528,MIL
1452631,Luke Keaschall,IF,170.64198,MIN
503826,Christian Walker,IF,171.3151,HOU
943754,TJ Friedl,OF,171.98491,CIN
548087,Jorge Polanco,IF,173.78835,NYM
454389,Gerrit Cole,P,174.28598,NYY
1310721,Sal Frelick,OF,174.94925,MIL
1170293,Jack Leiter,P,175.06038,TEX
874181,Brandon Lowe,IF,176.88237,PIT
1056094,Andrew Abbott,P,176.90898,CIN
598286,Carlos Rodon,P,178.2445,NYY
1396137,Justin Crawford,OF,179.70781,PHI
907357,Shota Imanaga,P,180.56392,CHC
830219,Ozzie Albies,IF,181.07578,ATL
1318239,Emmet Sheehan,P,182.10512,LAD
829799,Drew Rasmussen,P,183.01848,TB
736473,Pablo Lopez,P,183.14465,MIN
599230,Aaron Nola,P,185.00633,PHI
659260,Dansby Swanson,IF,186.79056,CHC
1397116,Drake Baldwin,IF,188.15877,ATL
1119983,Spencer Schwellenbach,P,190.21333,ATL
1310697,Colton Cowser,OF,190.6396,BAL
1054987,Shane Baz,P,192.18425,BAL
919293,Jonathan Aranda,IF,192.30592,TB
546772,Marcus Semien,IF,193.2791,NYM
1396685,Sal Stewart,IF,193.46094,CIN
1209801,Jasson Dominguez,OF,193.5719,NYY
1169963,Jordan Beck,OF,194.2537,COL
875827,Shane McClanahan,P,195.26636,TB
503373,Max Muncy,IF,195.66444,LAD
621603,Matthew Boyd,P,196.12244,CHC
659463,Anthony Santander,OF,197.2051,TOR
1322830,Shane Smith,P,199.99194,CWS
976572,Jung Hoo Lee,OF,201.17366,SF
392995,Salvador Perez,IF,202.31018,KC
1217874,Evan Carter,OF,202.89647,TEX
830372,Gleyber Torres,IF,203.34549,DET
1517410,JJ Wetherholt,IF,205.59091,STL
1397835,Zach Cole,OF,206.12688,HOU
1169596,Quinn Priester,P,206.55147,MIL
1054407,Brendan Donovan,IF,207.09955,SEA
1452097,Hurston Waldrep,P,207.29855,ATL
1396145,Chase DeLauter,OF,207.99577,CLE
1213511,Roki Sasaki,P,208.03363,LAD
552177,Merrill Kelly,P,208.68637,ARI
542012,Yusei Kikuchi,P,209.8571,LAA
548164,Nick Castellanos,OF,210.64713,SD
594254,Kodai Senga,P,210.74513,NYM
874219,Austin Hays,OF,211.86267,CWS
1208127,Jordan Westburg,IF,212.89577,BAL
1118528,Casey Mize,P,212.99821,DET
918808,Matt Wallner,OF,213.94203,MIN
1123331,Ezequiel Tovar,IF,214.63687,COL
1170617,Spencer Jones,OF,215.06546,NYY
1316890,Mason Miller,P,215.3397,SD
1053621,Ivan Herrera,IF,216.06367,STL
1519326,Carson Benge,OF,216.20538,NYM
737507,J.P. Crawford,IF,217.2571,SEA
1216737,Zac Veen,OF,217.3053,COL
597766,Joe Musgrove,P,217.57178,SD
1452103,Kevin McGonigle,IF,217.69057,DET
907347,Masataka Yoshida,OF,217.87689,BOS
1316948,Carter Jensen,IF,217.9451,KC
657938,Edwin Diaz,P,218.16833,LAD
919548,Andres Munoz,P,218.2658,SEA
856266,Cody Ponce,P,218.3609,TOR
1316947,Kyle Manzardo,IF,218.44695,CLE
1118811,Parker Meadows,OF,218.76004,DET
1054419,Jake Mangum,OF,218.80392,PIT
830274,Willi Castro,OF,219.08788,COL
737633,Tyler O'Neill,OF,219.18748,BAL
658226,Jorge Soler,OF,219.2807,LAA
1217869,Owen Caissie,OF,219.39423,MIA
1454916,Connelly Early,P,219.52661,BOS
1159930,Andrew Vaughn,IF,219.59428,MIL
873347,Jhoan Duran,P,219.87878,PHI
1054524,Lars Nootbaar,OF,220.00005,STL
857218,Harrison Bader,OF,220.05226,SF
1517409,Charlie Condon,OF,220.13333,COL
1217250,Jared Jones,P,220.1579,PIT
1310281,Jordan Lawlar,IF,220.19643,ARI
920275,Isaac Paredes,IF,220.2172,HOU
1115890,Dominic Canzone,OF,220.26138,SEA
916702,Jose Soriano,P,220.27887,LAA
1120214,Kumar Rocker,P,220.33333,TEX
1396152,Dylan Beavers,OF,220.34921,BAL
908697,Lourdes Gurriel Jr.,OF,220.37445,ARI
738659,Andrew Benintendi,OF,220.56143,CWS
1119990,Denzel Clarke,OF,220.59996,ATH
1057236,Lenyn Sosa,IF,220.625,CWS
1311158,Andrew Painter,P,220.79013,PHI
1120979,George Valera,OF,220.79591,CLE
1055052,Mark Vientos,IF,220.82924,NYM
500816,Nolan Arenado,IF,221.18091,ARI
1118536,Ryan Weathers,P,221.31956,NYY
550735,Xander Bogaerts,IF,221.38983,SD
1055204,Jose Caballero,IF,221.5185,NYY
828962,Lane Thomas,OF,221.51921,KC
1120065,Bryce Miller,P,221.54965,SEA
962605,Luis Garcia Jr.,IF,221.61539,WSH
876177,Trevor Larnach,OF,221.64706,MIN
1452068,Max Clark,OF,221.6486,DET
1054963,Royce Lewis,IF,221.80003,MIN
503161,Mike Yastrzemski,OF,221.83977,ATL
1119790,Jacob Lopez,P,221.95157,ATH
1157240,Francisco Alvarez,IF,222.01144,NYM
917926,Josh Lowe,OF,222.13458,LAA
1118776,Matt McLain,IF,222.16458,CIN
1303601,Agustin Ramirez,IF,222.17267,MIA
1118808,Xavier Edwards,IF,222.2934,MIA
1318620,Caleb Durbin,IF,222.29996,BOS
1053079,Alec Bohm,IF,222.41121,PHI
1115807,Bryson Stott,IF,222.47829,PHI
1452080,Kyle Teel,IF,222.5238,CWS
918663,Spencer Steer,IF,222.56021,CIN
1170407,Hunter Barco,P,222.82607,PIT
828153,Luis Arraez,IF,223.0152,SF
917944,Brandon Marsh,OF,223.22856,PHI
1519330,Ryan Waldschmidt,OF,223.23457,ARI
915732,Ernie Clement,IF,223.24245,TOR
918713,Adley Rutschman,IF,223.30495,BAL
1216873,Jordan Walker,OF,223.34946,STL
872787,Jesus Sanchez,OF,223.51727,TOR
876019,Jeffrey Springs,P,223.64519,ATH
1396848,Cam Smith,OF,223.68573,HOU
1118814,Braxton Ashcraft,P,223.77919,PIT
1071614,Alejandro Kirk,IF,223.84744,TOR
829797,Gavin Sheets,OF,223.89339,SD
915698,Jake Burger,IF,223.94914,TEX
1115772,Isaac Collins,OF,223.9636,KC
873639,Cedric Mullins,OF,224.0128,TB
917933,Gavin Lux,OF,224.0323,TB
1389094,Samuel Basallo,IF,224.06517,BAL
1175954,Brandon Pfaadt,P,224.1,ARI
548151,Jameson Taillon,P,224.16418,CHC
1310670,Brady House,IF,224.3333,WSH
1318261,Will Warren,P,224.50002,NYY
1318242,Noah Cameron,P,224.75433,KC
877821,Luis Gil,P,224.945,NYY
829141,Ryan O'Hearn,IF,225.1094,PIT
1397649,Victor Scott II,OF,225.14708,STL
709024,Jeff McNeil,IF,225.375,ATH
657850,Carlos Correa,IF,225.549,HOU
696415,Reynaldo Lopez,P,225.78003,ATL
1216901,Masyn Winn,IF,225.79169,STL
1055386,Joey Cantillo,P,225.84781,CLE
1115784,Josh Jung,IF,225.91486,TEX
709610,Sean Manaea,P,225.98848,NYM
1177714,Bryce Elder,P,226.03922,ATL
874794,Brady Singer,P,226.06071,CIN
1120962,Miguel Vargas,IF,226.087,CWS
1397669,Jonah Tong,P,226.2593,NYM
737914,Tyler Mahle,P,226.5581,SF
1454109,Luis Morales,P,226.65717,ATH
828960,Justin Steele,P,226.697,CHC
1316755,Chad Patrick,P,226.75,MIL
598294,Chris Bassitt,P,226.79604,BAL
918555,Bailey Ober,P,226.83464,MIN
873698,Shane Bieber,P,226.90767,TOR
277705,Justin Verlander,P,226.91522,DET
598167,Clay Holmes,P,226.9444,NYM
1119679,Logan O'Hoppe,IF,226.9474,LAA
1116218,Ryne Nelson,P,226.98682,ARI
599698,Seth Lugo,P,227.2308,KC
1118529,Matthew Liberatore,P,227.34209,STL
1452067,Walker Jenkins,OF,227.36,MIN
1379933,Moises Ballesteros,IF,227.3667,CHC
657781,Luis Severino,P,227.4348,ATH
874816,Cristian Javier,P,227.4444,HOU
1119294,Mike Burrows,P,227.45572,HOU
1396666,Parker Messick,P,227.47151,CLE
828700,Mitch Keller,P,227.62682,PIT
1055867,Reid Detmers,P,228,LAA
1396142,Robby Snelling,P,228.12003,MIA
1118760,Grayson Rodriguez,P,228.64494,LAA
873673,Corbin Burnes,P,228.69565,ARI
1318220,Spencer Arrighetti,P,229.037,HOU
1120948,Ronny Mauricio,IF,229.1818,NYM
917992,Dustin May,P,229.2727,STL
829588,David Peterson,P,229.51352,NYM
1118895,Taj Bradley,P,229.5417,MIN
1055773,Cade Cavalli,P,229.55885,WSH
657908,Lucas Giolito,P,230.025,BOS
1452100,Thomas White,P,230.1667,MIA
1452106,Nolan Schanuel,IF,230.3333,LAA
1057489,Otto Lopez,IF,230.4375,MIA
1397708,Zebby Matthews,P,230.5238,MIN
828669,Grant Holmes,P,230.6923,ATL
1118133,Brayan Bello,P,231.16977,BOS
1055332,Garrett Mitchell,OF,231.3,MIL
1452098,Bryce Eldridge,IF,232,SF
1056032,Max Meyer,P,232.23256,MIA
1452095,Matt Shaw,IF,,CHC
1316799,Max Muncy,IF,,ATH
737539,Ryan McMahon,IF,,NYY
911908,Ha-Seong Kim,IF,,ATL
657872,Paul Blackburn,P,,NYY
1316966,McCade Brown,P,,COL
1316801,Carson Williams,IF,,TB
1218036,Colt Keith,IF,,DET
1310130,Marcelo Mayer,IF,,BOS
1064081,Luis Garcia,P,,HOU
392441,Luis Garcia,P,,NYM
913343,Alex Call,OF,,LAD
1121189,Luis Garcia,IF,,DET
1176055,Bryce Teodosio,OF,,LAA
1169602,Anthony Volpe,IF,,NYY
1055315,Jake Meyers,OF,,HOU
918283,Nathaniel Lowe,IF,,CIN
876350,Dean Kremer,P,,BAL
858804,Sam Haggerty,OF,,TEX
1123161,Abner Uribe,P,,MIL
1119314,Michael Helman,OF,,TEX
857694,Jake Cronenworth,IF,,SD
1055378,Cade Smith,P,,CLE
922365,Johan Oviedo,P,,BOS
1397618,Chase Meidroth,IF,,CWS
1053442,Christopher Morel,OF,,MIA
1169583,Brett Baty,IF,,NYM
875832,Jonathan India,IF,,KC
1118539,Triston Casas,IF,,BOS
1316909,Troy Melton,P,,DET
578060,Colin Rea,P,,CHC
918999,Josh Smith,IF,,TEX
1454910,Kristian Campbell,IF,,BOS
1452074,Rhett Lowder,P,,CIN
1118065,Jhonkensy Noel,OF,,BAL
1316942,Sean Burke,P,,CWS
597768,Josh Bell,IF,,MIN
621625,Michael Wacha,P,,KC
829595,Pavin Smith,IF,,ARI
1118813,Simeon Woods Richardson,P,,MIN
826671,Luis Rengifo,IF,,MIL
1119373,Reese Olson,P,,DET
917114,Andres Gimenez,IF,,TOR
1177839,Landen Roupp,P,,SF
1396584,Jacob Melton,OF,,TB
1316923,Hagen Smith,P,,CWS
501577,Paul Goldschmidt,IF,,NYY
1389689,Jarlin Susana,P,,WSH
657852,Jose Berrios,P,,TOR
709038,Michael Conforto,OF,,CHC
918920,Zach McKinstry,IF,,DET
597757,Javier Baez,IF,,DET
1119472,Romy Gonzalez,IF,,BOS
1053764,Wenceel Perez,OF,,DET
873704,Tommy Edman,IF,,LAD
657963,Carson Kelly,IF,,CHC
597779,Adrian Houser,P,,SF
976571,Hye Seong Kim,IF,,LAD
658473,Josh Hader,P,,HOU
379610,Yu Darvish,P,,SD
1120061,Slade Cecconi,P,,CLE
326473,Max Scherzer,P,,TOR
873680,Sean Murphy,IF,,ATL
657858,Lance McCullers Jr.,P,,HOU
1120047,Austin Wells,IF,,NYY
1055061,Tyler Freeman,OF,,COL
548255,J.T. Realmuto,IF,,PHI
916966,Carlos Narvaez,IF,,BOS
1396603,Noah Schultz,P,,CWS
737929,Zack Littell,P,,CIN
828588,Bryan Abreu,P,,HOU
1170426,Brandon Walter,P,,HOU
1216745,Dillon Dingler,IF,,DET
551258,Frankie Montas,P,,NYM
505541,Jose Quintana,P,,COL
501542,Kike Hernandez,IF,,LAD
1396150,Jett Williams,IF,,MIL
455617,Wilmer Flores,IF,,SF
1397655,Hayden Birdsong,P,,SF
657853,Zach Eflin,P,,BAL
1053376,Yainer Diaz,IF,,HOU
503030,Starling Marte,OF,,NYM
549507,Max Kepler,OF,,PHI
876043,Matt Vierling,OF,,DET
875215,Nathan Lukes,OF,,TOR
1118979,James Outman,OF,,MIN
918412,Cooper Hummel,OF,,TB
621680,Rob Refsnyder,OF,,SEA
202429,Charlie Morton,P,,ATL
874145,Ian Hamilton,P,,ATL
918845,JJ Bleday,OF,,CIN
1170089,Blaine Crim,IF,,COL
829328,Jacob Webb,P,,CHC
1397733,Zach Agnos,P,,COL
1055596,Juan Mejia,P,,COL
1318216,Braxton Fulford,IF,,COL
1452044,Sebastian Walcott,IF,,TEX
1119394,Victor Vodnik,P,,COL
1170798,Bradley Blalock,P,,MIA
1452104,Colt Emerson,IF,,SEA
1396850,Carson Palmquist,P,,COL
1448723,Josue De Paula,OF,,LAD
1054997,Nate Pearson,P,,HOU
1517408,Travis Bazzana,IF,,CLE
1120084,Jaden Hill,P,,COL
1441783,Lazaro Montes,OF,,SEA
1055067,Nick Allen,IF,,HOU
599746,Kyle Freeland,P,,COL
1452083,Aidan Miller,IF,,PHI
877528,Enyel De Los Santos,P,,HOU
1177829,Shay Whitcomb,IF,,HOU
1452167,Brice Matthews,IF,,HOU
1397692,AJ Blubaugh,P,,HOU
1119443,J.P. France,P,,HOU
1170549,Bryan King,P,,HOU
1318259,Colton Gordon,P,,HOU
1443108,Michael Arroyo,IF,,SEA
1057234,Jason Alexander,P,,HOU
550187,Steven Okert,P,,HOU
295200,Kenley Jansen,P,,DET
1452640,Jaxon Wiggins,P,,CHC
1289743,Daniel Palencia,P,,CHC
1449412,Carlos Lagrange,P,,NYY
658965,Jimmy Herget,P,,COL
875251,Phil Maton,P,,CHC
920249,Javier Assad,P,,CHC
1590504,Tyler Bremner,P,,LAA
1169955,Porter Hodge,P,,CHC
1169837,Tanner Gordon,P,,COL
1317395,Jack Neely,P,,CHC
657576,Antonio Senzatela,P,,COL
503539,Hoby Milner,P,,CHC
1389909,Angel Chivilli,P,,NYY
1299470,Adael Amador,IF,,COL
1396132,Cam Collier,IF,,CIN
658475,Michael Petersen,P,,MIA
1170903,Ryan Ritter,IF,,COL
1396146,Jackson Ferris,P,,LAD
1056265,Andrew Nardi,P,,MIA
1118675,Luis Peralta,P,,COL
1397725,Wade Meckler,OF,,LAA
1396672,Adam Mazur,P,,MIA
1055238,Calvin Faucher,P,,MIA
1318265,Liam Hicks,IF,,MIA
1052937,Janson Junk,P,,MIA
876060,Griffin Conine,OF,,MIA
1397730,Cade Gibson,P,,MIA
917993,Lake Bachar,P,,MIA
918438,Anthony Bender,P,,MIA
1311159,Joe Mack,IF,,MIA
1217003,Dax Fulton,P,,MIA
1397862,Graham Pauley,IF,,MIA
1316813,Connor Norby,IF,,MIA
875646,Tyler Phillips,P,,MIA
1299985,Deyvison De Los Santos,IF,,MIA
1053035,Josh Simpson,P,,SEA
1209921,Maximo Acosta,IF,,MIA
1055317,Eric Wagaman,IF,,MIN
548722,Eduardo Rodriguez,P,,ARI
1119325,Blaze Alexander,IF,,BAL
1382862,Javier Sanoja,IF,,MIA
1118821,Alek Thomas,OF,,ARI
1056014,Ben Brown,P,,CHC
1318491,Andrew Hoffmann,P,,ARI
502074,Caleb Thielbar,P,,CHC
874715,Michael Soroka,P,,ARI
1118886,Ethan Roberts,P,,CHC
829336,Ryan Thompson,P,,ARI
1217853,Luke Little,P,,CHC
875378,Jake McCarthy,OF,,COL
1159902,Erik Miller,P,,SF
917354,Miguel Amaya,IF,,CHC
1169899,Trevor McDonald,P,,SF
1115754,Gavin Hollowell,P,,CHC
1311156,Jordan Wicks,P,,CHC
876149,Tristan Beck,P,,SF
1316944,James Triantos,IF,,CHC
1169612,Grant McCray,OF,,SF
1176488,Carson Seymour,P,,SF
502204,Andrew Heaney,P,,LAD
1054421,Christian Koss,IF,,SF
1504964,Leo De Vries,IF,,ATH
1055505,Keaton Winn,P,,SF
875176,JT Brubaker,P,,SF
1386548,Spencer Bivens,P,,SF
1455152,Zyhir Hope,OF,,LAD
1396445,Blade Tidwell,P,,SF
1590447,Kade Anderson,P,,SEA
1056107,Patrick Bailey,IF,,SF
1510169,Franklin Arias,IF,,BOS
1186399,Luis Matos,OF,,SF
1452115,George Lombard Jr.,IF,,NYY
1119869,Ryan Walker,P,,SF
918685,Tyler Fitzgerald,IF,,SF
1389620,Jesus Rodriguez,IF,,SF
1159727,Carson Spiers,P,,CIN
1176044,Joey Wiemer,OF,,WSH
943817,Jerar Encarnacion,OF,,SF
1135880,Nick Mears,P,,KC
1318238,Ryan Bergert,P,,KC
1054999,Alex Lange,P,,KC
1094521,Dairon Blanco,OF,,KC
1055008,Drew Waters,OF,,KC
1175953,Nick Loftin,OF,,KC
874807,Jahmai Jones,OF,,DET
1119345,Stephen Kolek,P,,KC
1316810,Trey Sweeney,IF,,DET
708446,Kyle Finnegan,P,,DET
1449110,Josue Briceno,IF,,DET
874230,Jake Rogers,IF,,DET
918851,Keegan Thompson,P,,COL
1169822,Sawyer Gipson-Long,P,,DET
1316827,Braden Montgomery,OF,,CWS
1396134,Jace Jung,IF,,DET
1590463,Liam Doyle,P,,STL
917973,Brenan Hanifee,P,,DET
1159945,Brant Hurter,P,,DET
1590450,Jamie Arnold,P,,ATH
1218042,Bailey Horn,P,,DET
1119478,Dylan Smith,P,,DET
1053878,Keider Montero,P,,DET
918318,Miles Mastrobuoni,IF,,SEA
1055308,Will Vest,P,,DET
1452108,Travis Sykora,P,,WSH
1321316,Ryan Loutos,P,,SEA
1177611,Tim Tawa,IF,,ARI
915701,Tyler Holton,P,,DET
1169576,Drey Jameson,P,,ARI
1519345,Kaelen Culpepper,IF,,MIN
1053498,Gabriel Moreno,IF,,ARI
577015,James McCann,IF,,ARI
1115814,Ken Waldichuk,P,,WSH
1452118,Cooper Pratt,IF,,MIL
1115574,Andrew Saalfrank,P,,ARI
1119984,Adrian Del Castillo,IF,,ARI
1316802,Gage Jump,P,,ATH
1065315,Jorge Barrosa,OF,,ARI
921576,Edwin Uceta,P,,TB
1452085,Blake Mitchell,IF,,KC
917772,Juan Morillo,P,,ARI
918144,Jesse Scholtens,P,,TB
1318699,Mike Sirota,OF,,LAD
1119376,Hunter Feduccia,IF,,TB
1177851,Ian Seymour,P,,TB
738350,Cole Sulser,P,,TB
857756,Jake Fraley,OF,,TB
659017,Steven Wilson,P,,TB
500832,Steven Matz,P,,TB
827423,Garrett Cleavinger,P,,TB
1440785,Ethan Salas,IF,,SD
1115489,Joe Boyle,P,,TB
1055019,Ryan Vilade,OF,,TB
1118873,Nick Fortes,IF,,TB
1590461,Kyson Witherspoon,P,,BOS
1052839,Richie Palacios,OF,,TB
738570,Griffin Jax,P,,TB
1390715,Jurrangelo Cijntje,P,,STL
1116143,Kevin Kelly,P,,TB
1208492,Joe Rock,P,,TB
1055199,Jeremiah Estrada,P,,SD
739000,Bryan Baker,P,,TB
1055197,Mason McCoy,IF,,SD
1053857,Osvaldo Bido,P,,NYY
1055195,Bryce Johnson,OF,,SD
1318721,Will Wagner,IF,,SD
1170065,Matt Waldron,P,,SD
876076,Bryan Hoeing,P,,SD
1055285,JP Sears,P,,SD
1318696,Alek Jacob,P,,SD
549195,Wandy Peralta,P,,SD
1055003,Luis Campusano,IF,,SD
1091635,Tirso Ornelas,OF,,SD
1405041,David Morgan,P,,SD
1055520,Ron Marinaccio,P,,SD
918414,Kyle Hart,P,,SD
1169790,Ty Adcock,P,,SD
918173,Freddy Fermin,IF,,SD
1507944,Bradgley Rodriguez,P,,SD
820039,Yuki Matsui,P,,SD
969093,Adrian Morejon,P,,SD
1116004,Jack Dreyer,P,,LAD
1217824,Will Klein,P,,LAD
1118869,Michael Siani,OF,,LAD
1056038,Kyle Hurt,P,,LAD
1306205,Edgardo Henriquez,P,,LAD
1120056,Justin Wrobleski,P,,LAD
1396605,Dalton Rushing,IF,,LAD
455627,Miguel Rojas,IF,,LAD
1209445,Ben Casparius,P,,LAD
549672,Blake Treinen,P,,LAD
1217276,Landon Knack,P,,LAD
1397880,Paul Gervase,P,,LAD
599510,Anthony Banda,P,,MIN
1397420,Alex Freeland,IF,,LAD
1056152,Bobby Miller,P,,LAD
1052952,Andre Pallante,P,,STL
1055210,Riley O'Brien,P,,STL
1119458,Kyle Leahy,P,,STL
1169808,Zak Kent,P,,STL
917955,JoJo Romero,P,,STL
1118535,Nolan Gorman,IF,,STL
1218048,Thomas Saggese,IF,,STL
1216888,Tink Hence,P,,STL
917339,Jose Fermin,IF,,STL
1119708,Ryan Fernandez,P,,STL
1318568,Matt Svanson,P,,STL
828445,Yohel Pozo,IF,,STL
1316791,Michael McGreevy,P,,STL
1316898,Richard Fitts,P,,STL
1318611,Andre Granillo,P,,WSH
1393693,Chris Roycroft,P,,STL
1316771,Gordon Graceffo,P,,STL
737262,Gregory Soto,P,,PIT
1053034,Chase Shugart,P,,PHI
1176505,Henry Davis,IF,,PIT
1396597,Thomas Harrington,P,,PIT
915667,Isaac Mattson,P,,PIT
1115496,Spencer Horwitz,IF,,PIT
1119494,Evan Sisk,P,,PIT
917288,Enmanuel Valdez,IF,,PIT
1115821,Carmen Mlodzinski,P,,PIT
875855,Joey Bart,IF,,PIT
1159695,Nick Gonzales,IF,,PIT
737018,Dennis Santana,P,,PIT
918314,Jack Suwinski,OF,,LAD
1389151,Jhostynxon Garcia,OF,,PIT
1217287,Nick Yorke,IF,,PIT
1175951,Kyle Nicolas,P,,PIT
1052845,Jared Triolo,IF,,PIT
875567,Justin Lawrence,P,,PIT
737848,Jake Bauers,IF,,MIL
1120013,Mason Montgomery,P,,PIT
1316953,Robert Gasser,P,,MIL
1054272,Angel Zerpa,P,,MIL
829662,Jared Koenig,P,,MIL
737538,Rob Zastryzny,P,,MIL
1454968,Craig Yoho,P,,MIL
1317396,Carlos Rodriguez,P,,MIL
1169623,Joey Ortiz,IF,,MIL
1119578,Grant Anderson,P,,MIL
1053503,Steward Berroa,OF,,MIL
828803,Trevor Megill,P,,MIL
874806,Blake Perkins,OF,,MIL
1307395,Jeferson Quero,IF,,MIL
918088,Tobias Myers,P,,NYM
1316812,Tyler Black,IF,,MIL
917953,Akil Baddoo,OF,,MIL
1118904,Brandon Lockridge,OF,,MIL
1118773,Anthony Seigler,IF,,BOS
830359,Andruw Monasterio,IF,,BOS
1054993,DL Hall,P,,MIL
917971,Easton McGee,P,,MIL
1055697,Aaron Ashby,P,,MIL
917946,Joey Wentz,P,,ATL
1170003,Brett Wisely,IF,,ATL
738478,Eli White,OF,,ATL
1316874,Dylan Dodd,P,,ATL
869798,Robert Suarez,P,,ATL
1055409,Hunter Stratton,P,,ATL
1116007,Nate Eaton,OF,,BOS
918185,Dylan Lee,P,,ATL
830702,Raisel Iglesias,P,,ATL
1216996,Kyle Harrison,P,,MIL
1057341,Zack Kelly,P,,BOS
1169919,Nick Sogard,IF,,BOS
1169611,Justin Slaten,P,,BOS
523977,Aroldis Chapman,P,,BOS
918766,David Hamilton,IF,,MIL
918484,Greg Weissert,P,,BOS
1052969,Garrett Whitlock,P,,BOS
908679,Yennier Cano,P,,BAL
1217282,Coby Mayo,IF,,BAL
579749,Dietrich Enns,P,,BAL
874172,Ryan Helsley,P,,BAL
1119477,Colin Selby,P,,BAL
1318199,Cade Povich,P,,BAL
875752,Grant Wolfram,P,,BAL
873980,Keegan Akin,P,,BAL
918346,Tyler Wells,P,,BAL
874734,Ryan Mountcastle,IF,,BAL
912520,Leody Taveras,OF,,BAL
1169887,Kade Strowd,P,,ARI
1120183,Yaramil Hiraldo,P,,BAL
1284734,Brandon Young,P,,BAL
1318244,Jacob Young,OF,,WSH
577676,Andrew Kittredge,P,,BAL
1169592,Jackson Rutledge,P,,WSH
1310738,Harry Ford,IF,,WSH
1398122,Brad Lord,P,,WSH
1389966,Luis Perales,P,,WSH
829749,Riley Adams,IF,,WSH
1119786,Mitchell Parker,P,,WSH
1209923,Andry Lara,P,,WSH
1216886,Clayton Beeter,P,,WSH
876247,Jake Irvin,P,,WSH
1056049,Jake Eder,P,,WSH
919291,Elvis Alvarado,P,,ATH
918175,Tony Gonsolin,P,,LAD
827179,Rhys Hoskins,IF,,CLE
1169909,Orlando Ribalta,P,,WSH
597767,Michael Kelly,P,,ATH
1284671,Justin Sterner,P,,ATH
1169885,Mitch Spence,P,,KC
1170980,Colby Thomas,OF,,ATH
1169639,Darell Hernaiz,IF,,ATH
1118788,J.T. Ginn,P,,ATH
1119545,Max Schuemann,IF,,NYY
658964,Tyler Ferguson,P,,ATH
1115881,Brady Basso,P,,ATH
738156,Eric Lauer,P,,TOR
1118858,Hogan Harris,P,,ATH
1389243,Henry Baez,P,,ATH
1299977,Jonatan Clase,OF,,TOR
1055763,Davis Schneider,OF,,TOR
709602,Jeff Hoffman,P,,TOR
1397654,Mason Fluharty,P,,TOR
1318211,Chase Lee,P,,TOR
875569,Myles Straw,OF,,TOR
658108,Tyler Heineman,IF,,TOR
1118890,Braydon Fisher,P,,TOR
1324681,Joey Loperfido,OF,,HOU
1169774,Adam Macko,P,,TOR
1169990,Louis Varland,P,,TOR
1120575,Blas Castano,P,,SEA
739036,Tyler Rogers,P,,TOR
1318750,Troy Taylor,P,,SEA
876266,Brendon Little,P,,TOR
873313,Eduard Bazardo,P,,SEA
918192,Samad Taylor,OF,,SD
828409,Victor Robles,OF,,SEA
918594,Casey Legumina,P,,SEA
857827,Andrew Knizner,IF,,SEA
1397814,Rhylan Thomas,OF,,SEA
1121356,Carlos Vargas,P,,SEA
1056138,Emerson Hancock,P,,SEA
1455195,Logan Evans,P,,SEA
1119283,Jose A. Ferrer,P,,SEA
738213,Gabe Speier,P,,SEA
1454830,Ben Williamson,IF,,TB
1396147,Cole Young,IF,,SEA
1115888,Matt Brash,P,,SEA
872542,Leo Rivas,IF,,SEA
1324887,Kyle Backhus,P,,PHI
1390258,Yoniel Curet,P,,PHI
918048,Luke Raley,OF,,SEA
873690,Weston Wilson,IF,,BAL
1052760,Jonathan Bowlan,P,,PHI
1385981,Jean Cabrera,P,,PHI
1397530,Orion Kerkering,P,,PHI
877578,Alan Rangel,P,,PHI
736859,Edmundo Sosa,IF,,PHI
827172,Garrett Stubbs,IF,,PHI
1169574,Seth Johnson,P,,PHI
1055275,Max Lazar,P,,PHI
548165,Taijuan Walker,P,,PHI
829193,Tanner Banks,P,,PHI
1316790,Chase Petty,P,,CIN
827368,Jose Trevino,IF,,CIN
874242,Tyler Stephenson,IF,,CIN
918274,Graham Ashcraft,P,,CIN
1316949,Edwin Arroyo,IF,,CIN
709023,Sam Moll,P,,CIN
1170933,Connor Phillips,P,,CIN
917942,Ben Rortvedt,IF,,NYM
917927,Will Benson,OF,,CIN
874730,Ke'Bryan Hayes,IF,,CIN
1177867,Blake Dunn,OF,,CIN
1170875,Christian Encarnacion-Strand,IF,,CIN
829827,Caleb Ferguson,P,,CIN
1169587,Rece Hinds,OF,,CIN
1172008,Luis Mey,P,,CIN
874781,Tony Santillan,P,,CIN
1118891,Nolan Hoffman,P,,PHI
1272477,Yosver Zulueta,P,,SEA
1289834,Alejandro Osuna,OF,,TEX
737865,Brad Keller,P,,PHI
1217002,Justin Foscue,IF,,TEX
1123163,Luis Curvelo,P,,TEX
549081,Joc Pederson,OF,,TEX
1068048,Ezequiel Duran,IF,,TEX
829008,Jacob Latz,P,,TEX
1262910,Jose Corniell,P,,TEX
454957,Kyle Higashioka,IF,,TEX
1321341,Winston Santos,P,,TEX
915840,Robert Garcia,P,,TEX
1300079,Emiliano Teodo,P,,TEX
1054470,Willie MacIver,IF,,TEX
918975,Ryan Zeferjahn,P,,LAA
738285,Tyler Alexander,P,,TEX
1316964,Ryan Johnson,P,,LAA
738162,Danny Jansen,IF,,TEX
1115987,Alek Manoah,P,,LAA
390654,Drew Pomeranz,P,,LAA
1507943,Jose Fermin,P,,LAA
1397034,Caden Dana,P,,LAA
1169616,Jack Kochanowicz,P,,LAA
1053325,Oswald Peraza,IF,,LAA
1289814,Sam Aldegheri,P,,LAA
599574,Nick Martinez,P,,TB
1310752,Sam Bachman,P,,LAA
1169598,Matthew Lugo,OF,,LAA
828798,Brock Burke,P,,CIN
1316894,Chase Silseth,P,,LAA
1169591,Kyren Paris,IF,,LAA
1316954,Jonathan Cannon,P,,CWS
1519322,Christian Moore,IF,,LAA
828670,Derek Hill,OF,,CWS
1169911,Vaughn Grissom,IF,,LAA
1303804,Edgar Quero,IF,,CWS
295203,Carlos Santana,IF,,ARI
1318294,Ben Cowles,IF,,TOR
1318634,Brooks Baldwin,OF,,CWS
1169604,Korey Lee,IF,,CWS
1316834,Jairo Iriarte,P,,CWS
1125039,Curtis Mead,IF,,CWS
1115918,Chris Murphy,P,,CWS
915705,Davis Martin,P,,CWS
1318627,Jordan Leasure,P,,CWS
1171942,Bryan Ramos,IF,,BAL
1452639,Grant Taylor,P,,CWS
1177847,Mike Vasil,P,,CWS
1170050,Brandon Eisert,P,,CWS
917030,Esteury Ruiz,OF,,MIA
875068,Tyler Gilbert,P,,CWS
1115609,Braden Shewmake,IF,,NYY
1389104,Jared Serna,IF,,MIA
738545,Ryan Yarbrough,P,,NYY
827454,Pete Fairbanks,P,,MIA
915697,Jake Bird,P,,NYY
915715,David Bednar,P,,NYY
829603,Tim Hill,P,,NYY
873562,Yerry de los Santos,P,,NYY
1119896,Jayvien Sandridge,P,,LAA
389855,Fernando Cruz,P,,NYY
738605,J.C. Escarra,IF,,NYY
732115,Amed Rosario,IF,,NYY
598951,Shawn Armstrong,P,,CLE
916835,Camilo Doval,P,,NYY
1118294,Jorbit Vivas,IF,,NYY
1389313,Angel Genao,IF,,CLE
1119393,Erik Sabrowski,P,,CLE
918172,Colin Holderman,P,,CLE
739015,Connor Brogdon,P,,CLE
1120028,Franco Aleman,P,,CLE
1316811,Doug Nikhazy,P,,CLE
597799,Austin Hedges,IF,,CLE
1118643,Brayan Rocchio,IF,,CLE
1216941,Petey Halpin,OF,,CLE
1118787,Bo Naylor,IF,,CLE
918041,Matt Festa,P,,CLE
1453726,CJ Kayfus,OF,,CLE
1159673,Hunter Gaddis,P,,CLE
1072529,Gabriel Arias,IF,,CLE
1054366,Tim Herrin,P,,CLE
1119914,Daniel Schneemann,IF,,CLE
1118963,David Fry,IF,,CLE
1055420,Logan Allen,P,,CLE
1119965,Eric Cerantola,P,,KC
1115910,Michael Massey,IF,,KC
1057018,Steven Cruz,P,,KC
918890,John Rave,OF,,KC
1169904,Tyler Tolbert,IF,,KC
918315,John Schreiber,P,,KC
1119616,Luinder Avila,P,,KC
1176498,Mason Black,P,,KC
599729,Luke Weaver,P,,NYM
1055396,Jared Young,IF,,NYM
1514267,Jonathan Pintaro,P,,NYM
1111050,Ji Hwan Bae,OF,,NYM
737560,Devin Williams,P,,NYM
918199,Richard Lovelady,P,,WSH
1118919,Austin Warren,P,,NYM
1054475,Justin Hagenman,P,,NYM
501562,Brooks Raley,P,,NYM
1119366,Cooper Criswell,P,,SEA
1119716,Hayden Senger,IF,,NYM
657979,Tyrone Taylor,OF,,NYM
1216999,Drew Romo,IF,,CWS
739618,Luis Torrens,IF,,NYM
658557,Matt Strahm,P,,KC
918929,Kameron Misner,OF,,KC
1119425,Kody Funderburk,P,,MIN
876200,Kody Clemens,IF,,MIN
875316,Cole Sands,P,,MIN
1318231,Travis Adams,P,,MIN
1118818,Ryan Jeffers,IF,,MIN
1170932,Brooks Lee,IF,,MIN
735866,Jhonny Pereda,IF,,SEA
1218063,Eric Orze,P,,MIN
1056129,Austin Martin,OF,,MIN
658926,Justin Topa,P,,MIN
1052880,Mickey Gasper,IF,,BOS
1218023,Marco Raya,P,,MIN
1299851,Emmanuel Rodriguez,OF,,MIN
1216741,Mick Abel,P,,MIN
829155,Jordan Romano,P,,LAA
828663,Alex Jackson,IF,,MIN
918988,Ryan Kreidler,OF,,MIN
916962,Jhony Brito,P,,SD
1056113,Edouard Julien,IF,,COL
549381,Kris Bryant,OF,,COL
505235,Kirby Yates,P,,LAA
829409,Brennan Bernardino,P,,COL
548332,Jason Adam,P,,SD
875811,Ryan Feltner,P,,COL
1452070,Chase Dollander,P,,COL
1318285,Billy Cook,IF,,PIT
1056070,Jeff Criswell,P,,COL
1217471,Tekoah Roby,P,,STL
1119988,Seth Halvorsen,P,,COL
599349,Aaron Bummer,P,,ATL
1445327,Didier Fuentes,P,,ATL
1318255,Hunter Dobbins,P,,STL
1316769,AJ Smith-Shawver,P,,ATL
1172704,Kevin Alcantara,OF,,CHC
875200,Danny Young,P,,ATL
659284,A.J. Minter,P,,NYM
737510,Hunter Harvey,P,,CHC
830040,Reed Garrett,P,,NYM
1298546,Cristian Mena,P,,ARI
1316754,Christian Scott,P,,NYM
1290186,Juan Burgos,P,,ARI
1118965,Tylor Megill,P,,NYM
1169600,Blake Walston,P,,ARI
829213,Kevin Ginkel,P,,ARI
1119397,Gus Varland,P,,WSH
738675,A.J. Puk,P,,ARI
1396989,Tyler Locklear,IF,,ARI
1118568,Justin Martinez,P,,ARI
1313992,Moises Chace,P,,PHI
1407090,Otto Kemp,IF,,PHI
1118490,Johan Rojas,OF,,PHI
1169610,Tyler Callihan,OF,,CIN
915708,Dane Myers,OF,,CIN
1318483,Julian Aguiar,P,,CIN
1120089,Brandon Williamson,P,,CIN
829027,Tanner Scott,P,,LAD
873310,Brusdar Graterol,P,,LAD
1119454,Alex Vesia,P,,LAD
1318418,River Ryan,P,,LAD
550113,Brock Stewart,P,,LAD
1218087,Gavin Stone,P,,LAD
1118631,Ronny Henriquez,P,,MIA
917923,Braxton Garrett,P,,MIA
1169924,Ryan Gusto,P,,MIA
1115937,Cody Bradford,P,,TEX
596330,Chris Martin,P,,TEX
1170048,Marc Church,P,,TEX
1118533,Cole Winn,P,,TEX
1397029,Ben Joyce,P,,LAA
389876,Travis d'Arnaud,IF,,LAA
1217260,Victor Mederos,P,,LAA
597792,Robert Stephenson,P,,LAA
709548,Sean Newcomb,P,,CWS
1120120,Ky Bush,P,,CWS
1396673,Drew Thorpe,P,,CWS
1121089,Everson Pereira,OF,,CWS
1061720,Prelander Berroa,P,,CWS
874984,Bryan Hudson,P,,NYM
915802,Taylor Walls,IF,,TB
1118875,Mason Englert,P,,TB
1056238,Jonny DeLuca,OF,,TB
1397424,Alan Roden,OF,,MIN
1169928,Hunter Bigge,P,,TB
1318574,David Festa,P,,MIN
1054990,Clarke Schmidt,P,,NYY
1169810,Brent Headrick,P,,NYY
875337,Patrick Sandoval,P,,BOS
916954,Oswaldo Cabrera,IF,,NYY
873978,Connor Wong,IF,,BOS
875019,Jordan Hicks,P,,CWS
829037,Tanner Houck,P,,BOS
1055423,Kutter Crawford,P,,BOS
1397047,Andrew Walters,P,,CLE
917941,Nolan Jones,OF,,CLE
1299487,Juan Brito,IF,,CLE
919082,Ronel Blanco,P,,HOU
1397895,Zach Dezenzo,OF,,HOU
913181,Bennett Sousa,P,,HOU
918874,Hayden Wesneski,P,,HOU
708217,Trevor Williams,P,,WSH
1169794,DJ Herz,P,,WSH
1120010,Cole Henry,P,,WSH
1115970,Josiah Gray,P,,WSH
872528,Keibert Ruiz,IF,,WSH
1208058,Grant Holman,P,,ARI
1115794,Drew Millas,IF,,WSH
1170017,Joey Estes,P,,ATH
1120033,Jack Perkins,P,,ATH
1318250,Brett Harris,IF,,ATH
1120220,Zack Gelof,IF,,ATH
928510,Luis Medina,P,,ATH
707785,Austin Wynns,IF,,ATH
1118792,Gunnar Hoglund,P,,ATH
875033,Bailey Falter,P,,KC
872722,Lucas Erceg,P,,KC
1159950,Alec Marsh,P,,KC
1053262,James McArthur,P,,KC
1454735,Jake Bloss,P,,TOR
1054429,Kyle Isbel,OF,,KC
1312039,Angel Bastardo,P,,TOR
918451,Bowden Francis,P,,TOR
1170435,Beau Brieske,P,,DET
1120203,Ryan Bliss,IF,,SEA
1310650,Jackson Jobe,P,,DET
876188,Jackson Kowar,P,,BAL
1119955,Ty Madden,P,,DET
915677,Jason Foley,P,,SF
1177559,Casey Schmitt,IF,,SF
828881,Sam Hentges,P,,SF
1056095,Heston Kjerstad,OF,,BAL
1316914,Chayce McDermott,P,,BAL
551307,Jorge Alfaro,IF,,KC
455515,Anthony Rendon,IF,,LAA
596917,Orlando Arcia,IF,,MIN
875298,Tayler Saucedo,P,,LAA
857667,Scott Effross,P,,DET
1055169,Buddy Kennedy,IF,,SF
1118534,Jarred Kelenic,OF,,CWS
829829,Paul DeJong,IF,,NYY
876245,Luken Baker,IF,,ARI
918109,Nick Hernandez,P,,ATH
1169921,Dustin Harris,OF,,CWS
504705,Ildemaro Vargas,IF,,ARI
1118896,Codi Heuer,P,,CLE
918020,Abraham Toro,IF,,KC
917952,Jose Miranda,IF,,SD
1120211,Drew Avans,OF,,COL
829822,Stuart Fairchild,OF,,CLE
918022,Nicky Lopez,IF,,COL
737882,Luis Guillorme,IF,,HOU
917943,Taylor Trammell,OF,,HOU
1169893,Anthony Maldonado,P,,HOU
1171153,Jacob Hurtubise,OF,,MIL
1400609,Logan VanWey,P,,HOU
1115817,Jack Little,P,,DET
827482,Dan Altavilla,P,,MIN
873325,Jorge Alcala,P,,TOR
857705,Scott Kingery,IF,,CHC
1055302,Collin Snider,P,,CHC
1177850,Zach Brzykcy,P,,MIA
599322,John Curtiss,P,,ARI
915650,Tyler Zuber,P,,MIA
1159697,Bryce Jarvis,P,,ARI
828882,Jeff Brigham,P,,CHC
1121739,Logan Porter,IF,,SF
917162,Gregory Santos,P,,SF
1055335,Gage Workman,IF,,DET
737535,Matt Krook,P,,ATH
738986,Kevin Herget,P,,NYM
1318236,Justyn-Henry Malloy,OF,,TB
1318677,Luis Guerrero,P,,TB
875797,Seth Brown,OF,,NYY
657423,Pablo Reyes,IF,,SD
918676,Logan Davidson,IF,,TB
828695,Scott Blewett,P,,STL
1406080,Michael Darrell-Hicks,P,,PIT
918471,Chuckie Robinson,IF,,LAD
1116016,Joe La Sorsa,P,,PIT
1177857,Jared Shuster,P,,STL
1055214,Brewer Hicklen,OF,,ATL
1316397,Tsung-Che Cheng,IF,,BOS
1118898,Austin Cox,P,,ATL
737361,Gerson Garabito,P,,MIL
1119547,Vinny Capra,IF,,BOS
1310782,Anthony Molina,P,,ATL
917493,George Soriano,P,,STL
746793,Chadwick Tromp,IF,,ATL
873960,Ryan Noda,IF,,BAL
1159722,Maverick Handley,IF,,BAL
907379,Shinnosuke Ogasawara,P,,WSH
876291,Geoff Hartlieb,P,,ATH
1169629,Will Robertson,OF,,BAL
1157892,Yariel Rodriguez,P,,TOR
1056124,Josh Walker,P,,BAL
549433,Casey Lawrence,P,,SEA
1209056,Trey Lipscomb,IF,,WSH
828304,Bryan De La Cruz,OF,,PHI
1172215,Luis Contreras,P,,ATH
1056026,Brett de Geus,P,,PHI
1169960,Paxton Schultz,P,,WSH
918188,Santiago Espinal,IF,,LAD
658266,Ryan Borucki,P,,CWS
1065318,Liover Peguero,IF,,PHI
857671,Ian Gibaut,P,,CIN
1115745,Anthony Veneziano,P,,TEX
1055006,Michael Mercado,P,,PHI
1118812,Lyon Richardson,P,,CIN
1119686,Jonah Bride,IF,,TEX
737878,Tyler Wade,OF,,TEX
1178089,Niko Kavadas,IF,,LAA
830295,Jose Herrera,IF,,TEX
918949,Ryan Rolison,P,,CHC
1053848,Gustavo Campero,OF,,LAA
1120966,Justin Bruihl,P,,STL
1159920,Oliver Dunn,IF,,CWS
827183,Kevin Newman,IF,,KC
875075,Brandon Waddell,P,,NYM
1118861,Jonathan Ornelas,IF,,NYY
916949,Elvis Peguero,P,,CWS
918931,Matt Mervis,IF,,WSH
599297,Nick Burdi,P,,NYM
737856,Mike Tauchman,OF,,NYM
1119077,Ryan Fitzgerald,IF,,LAD
500730,Shelby Miller,P,,CHC
874238,Brendan Rodgers,IF,,BOS
578009,Tyler Anderson,P,,LAA
1384332,Christian Montes De Oca,P,,ARI
1054438,Nick Sandlin,P,,LAA
390196,Ryan Brasier,P,,TEX
658921,Evan Phillips,P,,LAD
1119380,Shawn Dubin,P,,ARI
919118,Max Kranick,P,,NYM
549112,Jon Gray,P,,TEX
737502,Dominic Smith,IF,,ATL
1055554,Daniel Robert,P,,PHI
393300,Liam Hendriks,P,,MIN
1169945,Tyler Owens,P,,DET
658938,Ryan Burr,P,,TOR
738684,Nestor Cortes,P,,SD
829807,Griffin Canning,P,,SD
597763,Andrew Chafin,P,,MIN
549720,Ben Lively,P,,CLE
828680,Michael Kopech,P,,LAD
392092,Hunter Strickland,P,,LAA
657723,Jesus Tinoco,P,,MIA
1159716,Will Brennan,OF,,SF
857695,Trent Thornton,P,,CHC
1169801,Connor Gillispie,P,,MIN
519724,Jose Iglesias,IF,,SD
660043,Miguel Castro,P,,LAA
454412,Wade Miley,P,,CIN
739620,Thairo Estrada,IF,,BAL
1124623,Ronny Simon,IF,,PIT
657865,Jesse Winker,OF,,NYM
917969,Mason Thompson,P,,TEX
1271772,Brian Van Belle,P,,TB
1115616,Connor Thomas,P,,ATL
1317034,Tim Elko,IF,,CWS
1054433,Tommy Henry,P,,ARI
918379,Josh Winckowski,P,,TOR
1116011,Matt Gorski,IF,,LAD
915817,Sean Guenther,P,,DET
1057000,Kaleb Ort,P,,LAA
455412,Danny Coulombe,P,,TEX
875791,Nic Enright,P,,TOR
454547,Justin Wilson,P,,BOS
737830,Adam Frazier,IF,,LAA
657504,Manuel Margot,OF,,DET
526811,Mark Canha,OF,,TEX
526323,Tommy Kahnle,P,,DET
1119447,Allan Winans,P,,NYY
658150,Paul Sewald,P,,ARI
827439,Jalen Beeks,P,,ARI
1173096,Kenedy Corona,OF,,NYY
1118816,Owen White,P,,CWS
874810,Taylor Clarke,P,,ARI
829562,Joshua Palacios,OF,,CWS
915709,Kyle Nelson,P,,ARI
827481,Spencer Turnbull,P,,KC
738477,Cal Quantrill,P,,TEX
549860,Hunter Renfroe,OF,,KC
1055540,Chas McCormick,OF,,CHC
546855,Rob Brantly,IF,,NYY
737505,Reese McGuire,IF,,MIL
857701,Bobby Dalbec,IF,,KC
290131,Andrew McCutchen,OF,,PIT
874736,Daz Cameron,OF,,MIL
503168,Taylor Rogers,P,,MIN
874987,Luke Williams,IF,,ATL
550041,Chad Green,P,,TOR
577809,Kyle Hendricks,P,,LAA
1053399,Alexander Canario,OF,,PIT
658292,Walker Buehler,P,,PHI
917966,Sean Reynolds,P,,SD
1055022,MJ Melendez,OF,,NYM
326827,Justin Turner,IF,,CHC
658306,Chris Flexen,P,,CHC
620958,Kyle Farmer,IF,,ATL
501771,Pierce Johnson,P,,CIN
737939,Lou Trivino,P,,PHI
597788,Joe Ross,P,,ARI
501969,Marcus Stroman,P,,NYY
917967,Joey Lucchesi,P,,SF
737843,Jonah Heim,IF,,ATL
918885,Blake Sabol,IF,,TB
599293,Erick Fedde,P,,CWS
597862,Jordan Weems,P,,LAD
1159956,Nathan Wiles,P,,ATL
658782,Justin Garza,P,,NYM
915827,Eli Morgan,P,,KC
874245,Kolby Allard,P,,CLE
1054315,Eduardo Salazar,P,,MIN
738522,Matt Thaiss,IF,,BOS
500846,Patrick Corbin,P,,TEX
526927,Jacob Stallings,IF,,BAL
548299,Eddie Rosario,OF,,MIL
918018,Daniel Johnson,OF,,MIA
1121209,Omar Cruz,P,,SD
876217,Coco Montes,IF,,TB
500734,Randal Grichuk,OF,,NYY
738149,Tyler Kinley,P,,ATL
915675,Tom Cosgrove,P,,HOU
877619,Dauri Moreta,P,,PIT
856280,LaMonte Wade Jr.,IF,,CWS
390190,Ryan Pressly,P,,CHC
1116035,Will Wilson,IF,,SEA
577924,Travis Jankowski,OF,,NYM
548385,Michael Lorenzen,P,,COL
738926,Dane Dunning,P,,SEA
737508,Tim Anderson,IF,,LAA
1118967,Valente Bellozo,P,,COL
737528,Billy McKinney,OF,,TEX
1055027,Matt Sauer,P,,LAD
602414,Jakob Junis,P,,TEX
659185,Miguel Andujar,OF,,SD
291100,Donovan Solano,IF,,TEX
621681,Brent Suter,P,,LAA
829542,Sam Hilliard,OF,,COL
578958,Austin Barnes,IF,,NYM
915652,Sean Bouchard,OF,,COL
621666,Chris Taylor,OF,,LAA
918849,Michael Toglia,IF,,CIN
621489,Kendall Graveman,P,,ARI
1318262,Fraser Ellard,P,,CWS
875186,Dylan Moore,IF,,PHI
827153,Connor Joe,OF,,SEA
1159925,Easton Lucas,P,,TOR
500845,DJ LeMahieu,IF,,NYY
829227,J.P. Feyereisen,P,,LAD
657910,Jorge Mateo,IF,,ATL
737618,Victor Caratini,IF,,MIN
754843,Cam Booser,P,,TB
708779,Tim Mayza,P,,PHI
548245,Ryne Stanek,P,,STL
327986,Tommy Pham,OF,,PIT
737855,Isiah Kiner-Falefa,IF,,BOS
658240,Matt Bowman,P,,MIN
918823,Davis Daniel,P,,CIN
1209046,Jack Winkler,IF,,HOU
915695,Cal Stevenson,OF,,DET
738582,Cavan Biggio,IF,,HOU
875798,Emmanuel Rivera,IF,,BAL
738437,Rowdy Tellez,IF,,TEX
597041,Rafael Montero,P,,NYY
455459,Anthony DeSclafani,P,,ARI
578988,Mitch Garver,IF,,SEA
1055709,Carson McCusker,OF,,MIN
913302,Josh Rojas,IF,,KC
601042,Eric Haase,IF,,SF
828699,Alex Verdugo,OF,,ATL
1055066,Freddy Tarnok,P,,MIA
602692,Austin Slater,OF,,DET
578870,Kevin Pillar,OF,,TEX
918455,Sam Long,P,,KC
501596,Jon Singleton,IF,,HOU
1217846,Carson Ragsdale,P,,ATL
917940,Dylan Carlson,OF,,CHC
1056009,Caleb Boushley,P,,TB
1055347,John King,P,,MIA
829464,Connor Seabold,P,,TOR
727370,Tomoyuki Sugano,P,,COL
598490,Jon Berti,IF,,CHC
1054432,Sean Hjelle,P,,SF
873268,Trenton Brooks,OF,,SD
1053010,Noah Davis,P,,PIT
874216,Aaron Civale,P,,ATH
658640,Cody Poteet,P,,BAL
501497,Miles Mikolas,P,,WSH
388409,Jason Heyward,OF,,SD
596954,Jeimer Candelario,IF,,LAA
876140,Ty France,IF,,SD
505997,Gio Urshela,IF,,MIN
827376,Austin Gomber,P,,TEX
597976,Scott Barlow,P,,ATH
736940,Jose Siri,OF,,LAA
738479,Garrett Hampson,IF,,CIN
829145,Erik Swanson,P,,TOR
577789,Austin Nola,IF,,ATL
875195,Chris Paddack,P,,MIA
876186,Nick Maton,IF,,CWS
548163,Luke Jackson,P,,SEA
599312,Chris Devenski,P,,PIT
578044,Nick Martini,OF,,TB
828875,Jordan Montgomery,P,,TEX
1054514,Cesar Salazar,IF,,HOU
1122821,Roddery Munoz,P,,HOU
1382756,Yanquiel Fernandez,OF,,NYY
1118337,Heriberto Hernandez,OF,,MIA
1386146,Yilber Diaz,P,,ARI
1053480,Jose Butto,P,,SF
1122217,Randy Vasquez,P,,SD
598491,Carlos Estevez,P,,KC
1115760,Pedro Pages,IF,,STL
738378,Mauricio Dubon,IF,,ATL
1384275,Rolddy Munoz,P,,ATL
1118063,Jose Tena,IF,,WSH
1169584,Nasim Nunez,IF,,WSH
916976,Andres Chaparro,IF,,WSH
1120950,Leo Jimenez,IF,,TOR
1068209,Eduarniel Nunez,P,,ATH
1121266,Domingo Gonzalez,P,,SEA
828483,Jhonathan Diaz,P,,SEA
917160,Rafael Marchan,IF,,PHI
737885,Emilio Pagan,P,,CIN
1275711,Pedro Leon,OF,,PHI
932611,Michel Otanez,P,,TEX
875576,Alexis Diaz,P,,TEX
1284664,Angel Martinez,IF,,CLE
1055146,Johnathan Rodriguez,OF,,CLE
657849,Huascar Brazoban,P,,NYM
1203734,Luisangel Acuna,IF,,CWS
1123658,Endy Rodriguez,IF,,PIT
872786,Vidal Brujan,IF,,NYM
1118774,Daysbel Hernandez,P,,ATL
740519,Joe Jimenez,P,,ATL
1057500,Dedniel Nunez,P,,NYM
656049,Jose Alvarado,P,,PHI
1289825,Wikelman Gonzalez,P,,CWS
827607,Manuel Rodriguez,P,,TB
506959,Yimi Garcia,P,,TOR
1119672,Randy Rodriguez,P,,SF
828534,Genesis Cabrera,P,,PHI
737480,Felix Bautista,P,,BAL
1057975,Carlos Hernandez,P,,CLE
1055371,Luis Vazquez,IF,,BAL
549555,Gary Sanchez,IF,,MIL
455689,Martin Perez,P,,ATL
737372,Jonathan Loaisiga,P,,NYY
504943,Elias Diaz,IF,,KC
1053458,Robinson Pina,P,,TOR
597170,Jose Leclerc,P,,ATH
656016,German Marquez,P,,SD
455792,Albert Suarez,P,,BAL
914201,Andy Ibanez,IF,,ATH
873437,Elvin Rodriguez,P,,ARI
864590,Yoan Moncada,IF,,LAA
597169,Ramon Urias,IF,,STL
657573,Seranthony Dominguez,P,,CWS
254445,Martin Maldonado,IF,,SD
737813,Dom Nunez,IF,,CLE
879512,Jose Urquidy,P,,PIT
455056,Christian Vazquez,IF,,MIN
828496,Luis Urias,IF,,MIL
829370,Zach Pop,P,,PHI
830373,Eloy Jimenez,OF,,TOR
1453711,Kyle Karros,IF,,COL
911914,Sung-Mun Song,IF,,SD
918878,Garrett Acton,P,,MIA
1396443,Gabriel Hughes,P,,COL
1217825,Sterlin Thompson,OF,,COL
1054454,Ryan Weiss,P,,HOU
1170405,Jayden Murray,P,,HOU
1341929,Miguel Ullola,P,,HOU
1449513,Welinton Herrera,P,,COL
1169994,Troy Johnston,OF,,COL
1381620,Pedro Ramirez,IF,,CHC
1397468,Josh White,P,,MIA
1397418,William Kempner,P,,MIA
1318225,Riley Martin,P,,CHC
1397601,Dylan Ray,P,,ARI
917689,Joel Peguero,P,,SF
827398,Matt Gage,P,,SF
880982,Reiver Sanmartin,P,,SF
1119450,Justin Dean,OF,,CHC
1121182,Kai-Wei Teng,P,,HOU
1396449,Carson Whisenhunt,P,,SF
1389258,Thayron Liranzo,IF,,DET
1170935,Drew Gilbert,OF,,SF
1120574,Eduardo Valencia,IF,,DET
658613,Drew Anderson,P,,DET
1056066,Trei Cruz,OF,,DET
1397847,Drew Sommers,P,,DET
1289818,Hao-Yu Lee,IF,,DET
1299987,Jose Fernandez,IF,,ARI
1397711,Jake Miller,P,,DET
1316924,Philip Abner,P,,ARI
1455163,Brandyn Garcia,P,,ARI
1209455,Dominic Keegan,IF,,TB
1316763,Mitch Bratt,P,,ARI
1390300,Miguel Mendez,P,,SD
1397897,Alex Cook,P,,TB
1169792,Ryan Ward,OF,,LAD
1382268,Jadher Areinamo,IF,,TB
1318280,Garrett Hawkins,P,,SD
885119,Bryan Torres,OF,,STL
1054382,Nick Raquet,P,,STL
1318495,Ronan Kopp,P,,LAD
1397839,Nathan Church,OF,,STL
1381565,Cesar Prieto,IF,,STL
1397343,Jimmy Crooks,IF,,STL
1396681,Brycen Mautz,P,,STL
1316788,Joshua Baez,OF,,STL
1055462,Cam Sanders,P,,PIT
1389115,Esmerlyn Valdez,OF,,PIT
1389790,Leonardo Bernal,IF,,STL
1308436,Brandan Bidois,P,,PIT
1437189,Antwone Kelly,P,,PIT
1170023,Ryan Harbin,P,,PIT
1401039,Hayden Harris,P,,ATL
1299872,Wilber Dotel,P,,PIT
597219,Joel Payamps,P,,ATL
1170042,Sammy Peralta,P,,MIL
1519497,Payton Tolle,P,,BOS
1445347,Jhancarlos Lara,P,,ATL
829756,Tristan Gray,IF,,MIN
1318757,Tyler Uberstine,P,,BOS
1171147,Jake Bennett,P,,BOS
1397533,David Sandlin,P,,CWS
1055612,Shane Drohan,P,,MIL
1397999,Cameron Foster,P,,BAL
1318613,Tyler Samaniego,P,,BOS
1118817,Jeremiah Jackson,OF,,BAL
875064,Jose Espada,P,,BAL
1170506,Anthony Nunez,P,,BAL
1316899,Reed Trimble,OF,,BAL
915631,Konnor Pilkington,P,,DET
918679,Rico Garcia,P,,BAL
1318476,Andrew Alvarez,P,,WSH
1316808,Christian Franklin,OF,,WSH
1318204,Riley Cornelio,P,,WSH
1383481,Chen Zhong-Ao Zhuang,P,,ATH
1119319,PJ Poulin,P,,WSH
1405484,Braden Nett,P,,ATH
917331,Sauryn Lao,P,,BAL
918435,Carlos Cortes,OF,,ATH
1118383,Junior Perez,OF,,ATH
919392,Tommy Nance,P,,TOR
1397535,Mason Barnett,P,,ATH
1118538,Cole Wilcox,P,,SEA
1118103,Lazaro Estrada,P,,TOR
1170381,Alex McFarlane,P,,PHI
1118385,Brandon Valenzuela,IF,,TOR
1286432,Jose Franco,P,,CIN
1057126,Robinson Ortiz,P,,SEA
1169628,Cody Freeman,IF,,TEX
1382261,Leo Balcazar,IF,,CIN
1320545,Abimelec Ortiz,IF,,WSH
1170554,Zach Maxwell,P,,CIN
1445345,Leandro Lopez,P,,TEX
1449822,David Davalillo,P,,TEX
1316960,Dom Hamel,P,,NYY
1169942,Cody Laweryson,P,,MIN
1318246,Tristan Peters,OF,,CWS
1455270,Mitch Farris,P,,LAA
738470,Anthony Kay,P,,CWS
1372487,Denzer Guzman,IF,,LAA
1398158,Duncan Davitt,P,,CWS
1177748,Tanner Murray,IF,,CWS
1397748,Austin Peterson,P,,CLE
1317003,Tanner McDougal,P,,CWS
916834,Kervin Castro,P,,NYY
1310463,Kahlil Watson,IF,,CLE
1397594,Steven Zobac,P,,KC
1316804,Ben Kudrna,P,,KC
1169771,Brandon Sproat,P,,MIL
1118989,Joey Gerber,P,,NYM
1396926,Nick Morabito,OF,,NYM
1185670,Alex Carrillo,P,,NYM
1397566,Andrew Morris,P,,MIN
1316895,Dylan Ross,P,,NYM
1328776,Hendry Mendez,OF,,MIN
1320696,Kendry Rojas,P,,MIN
1372652,Gabriel Gonzalez,OF,,MIN
1171003,Connor Prielipp,P,,MIN
1405594,John Klein,P,,MIN
1318624,Pierson Ohl,P,,COL
1396579,Cooper Hjerpe,P,,STL
1397412,Jack Brannigan,IF,,PIT
1170475,Coleman Crow,P,,MIL
1397798,Kohl Drake,P,,ARI
1217254,Chase Hampton,P,,NYY
1216891,Ricky Tiedemann,P,,TOR
657397,Nabil Crismatt,P,,TEX
1115778,Dominic Fletcher,OF,,PIT
857232,Brett Sullivan,IF,,COL
1119233,Carlos Duran,P,,LAD
577972,John Brebbia,P,,COL
1056268,Chad Stevens,IF,,COL
659038,Donovan Walton,IF,,LAA
1299478,Warming Bernabel,IF,,WSH
1055191,Cody Bolton,P,,HOU
873287,Zack Short,IF,,NYY
737817,Brian Navarreto,IF,,MIA
874760,Triston McKenzie,P,,SD
1119732,Isaiah Campbell,P,,ARI
599195,Aramis Garcia,IF,,ARI
1316935,Patrick Monteverde,P,,MIA
1054427,Connor Kaiser,IF,,KC
1170346,Taylor Rashi,P,,ARI
876328,Tristin English,IF,,ATL
874753,Jake Woodford,P,,TB
918091,Brooks Kriske,P,,ATH
874808,Tanner Rainey,P,,DET
1119941,Garrett McDaniels,P,,LAD
1055445,Greg Jones,OF,,MIL
1055326,Jacob Amaya,IF,,ARI
1115503,Austin Pope,P,,ATL
1125318,Logan Gillaspie,P,,SD
254892,Carlos Carrasco,P,,ATL
919012,Noah Murdock,P,,PIT
1053269,Aaron Schunk,IF,,ATL
578957,Nick Anderson,P,,ATH
579271,Jacob Barnes,P,,TOR
602893,Zach Thompson,P,,ATL
1118824,Will Banfield,IF,,CIN
548041,Wander Suero,P,,ATH
1128663,Michael Stefanic,IF,,ATH
658084,Angel Perdomo,P,,LAA
1068338,Randy Dobnak,P,,SEA
500827,Robert Stock,P,,NYM
828666,Touki Toussaint,P,,LAA
657989,Colin Poche,P,,DET
1177616,Jake Palisch,P,,CWS
500725,Tyler Matzek,P,,STL
1119271,David Villar,IF,,NYM
658272,Carson Fulmer,P,,PIT
1054398,John Rooney,P,,TB
913274,Corey Julks,OF,,DET
1284717,Dugan Darnell,P,,DET
873701,Ben Bowden,P,,ATH
1159736,Caleb Freeman,P,,CWS
597840,Tayler Scott,P,,ATL
918364,Seth Martinez,P,,BOS
829363,Julian Merryweather,P,,MIN
1054319,Roansy Contreras,P,,COL
874054,Nick Solak,IF,,SD
1055306,Darren McCaughan,P,,CIN
526516,Scott Alexander,P,,SF
1118769,Jordyn Adams,OF,,MIL
917958,Bryse Wilson,P,,PHI
918046,Sam Huff,IF,,BAL
922230,Trevor Richards,P,,PHI
917921,Ian Anderson,P,,ATL
597764,Michael Fulmer,P,,SF
328019,David Robertson,P,,PHI
455561,Michael Tonkin,P,,MIN
500733,Kyle Gibson,P,,TB
597900,J.D. Davis,IF,,LAA
1054985,Keston Hiura,IF,,COL
390408,T.J. McFarland,P,,ATH
657914,Lucas Sims,P,,CWS
827328,Greg Allen,OF,,BAL
917930,Forrest Whitley,P,,TB
577767,Nick Ahmed,IF,,TEX
739018,Shaun Anderson,P,,LAA
829720,Lucas Gilbreath,P,,COL
1055167,Bruce Zimmermann,P,,STL
503764,Joe Mantiply,P,,TOR
1054502,Alan Trejo,IF,,TEX
1172010,Randy Wynne,P,,CIN
1217873,Christian Roa,P,,HOU
202961,Jesse Chavez,P,,ATL
1053036,Terrin Vavra,IF,,BAL
657838,Luis F. Castillo,P,,BAL
1119544,CJ Alexander,IF,,HOU
917937,Carter Kieboom,IF,,CLE
202788,Rich Hill,P,,KC
454499,Craig Kimbrel,P,,NYM
326503,Adam Ottavino,P,,NYY
874099,Anthony Misiewicz,P,,CIN
379502,Kenta Maeda,P,,NYY
1159734,Xzavion Curry,P,,COL
1121483,Luarbert Arias,P,,MIA
597876,Scott McGough,P,,ATH
503535,Luke Maile,IF,,KC
621598,Chris Stratton,P,,LAD
1177855,Bob Seymour,IF,,TB
1119891,Penn Murfee,P,,CWS
738514,Thomas Hatch,P,,ARI
550207,Chad Wallach,IF,,ATH
454391,Casey Kelly,P,,ARI
597956,Mike Clevinger,P,,PIT
1054373,Owen Miller,IF,,CHC
1170010,Cam Devanney,IF,,PIT
915704,Corbin Martin,P,,CHC
874239,Dillon Tate,P,,TOR
526877,Jesse Hahn,P,,TOR
817365,Yuli Gurriel,IF,,SD
501601,Tucker Barnhart,IF,,TEX
1397467,Quinn Mathews,P,,STL
1058316,Yoendrys Gomez,P,,TB
922200,Yohan Ramirez,P,,PIT
872545,Jose Suarez,P,,ATL
875188,Jovani Moran,P,,BOS
737347,Julian Fernandez,P,,WSH
1389191,Hector Rodriguez,OF,,CIN
1389663,Yorman Gomez,P,,CLE
1389287,Walbert Urena,P,,LAA
602488,Vimael Machin,IF,,COL
550523,Hector Neris,P,,KC
658115,Tomas Nido,IF,,DET
392375,Sandy Leon,IF,,ATL
917021,Sebastian Rivero,IF,,LAA
506871,Jose Urena,P,,LAA
1055177,David Banuelos,IF,,MIN
597780,Jorge Lopez,P,,WSH
657492,Jose Ruiz,P,,TEX
954181,Cionel Perez,P,,WSH
738334,Jose De Leon,P,,BOS
504967,Omar Narvaez,IF,,TEX
739641,Sergio Alcantara,IF,,WSH
739762,Jose Castillo,P,,NYM
504792,Erasmo Ramirez,P,,MIN
828494,Jose Quijada,P,,LAA
1142996,Victor Mesa Jr.,OF,,TB
1216738,Robert Hassell III,OF,,WSH
738283,Mark Leiter Jr.,P,,ATH
1397642,Nacho Alvarez Jr.,IF,,ATL
1054547,Daniel Lynch IV,P,,KC
735839,Jose Azocar,OF,,ATL
1169599,Daniel Espino,P,,CLE
501492,Michael A. Taylor,OF,,CWS
1053260,DaShawn Keirsey Jr.,OF,,ATL
1318592,RJ Petit,P,,COL
1113087,Jose Barrero,IF,,BAL
1312767,Daniel Susac,IF,,SF
944989,Daison Acosta,P,,SD
1405569,Rafael Flores,IF,,PIT
549178,Tyler Austin,IF,,CHC
1055864,Griff McGarry,P,,WSH
1397648,Alex Hoppe,P,,SEA
1402506,Matt Pushard,P,,STL
1176063,Zach McCambley,P,,PHI
918960,Ryan Watson,P,,BOS
828674,Foster Griffin,P,,WSH
1217262,Carter Baumler,P,,TEX
1397624,Spencer Miles,P,,TOR
1389969,Alexander Alberto,P,,CWS
1317388,Cade Winquest,P,,NYY
1318771,Gabriel Rincones Jr.,OF,,PHI
828198,Ali Sanchez,IF,,NYY
1389598,Jedixson Paez,P,,CWS
1318209,Elmer Rodriguez,P,,NYY
828677,Luis Ortiz,P,,NYM
1396594,Peyton Pallette,P,,CLE
872782,Oscar Gonzalez,OF,,SD
602909,Carl Edwards Jr.,P,,NYM
1169886,C.J. Stubbs,IF,,TOR
326468,Clayton Kershaw,P,,LAD
